svc,ports,process_ids,rules
redis-cart,"[54112, 34050, 34054, 48936, 6379, 34030, 48920, 34034, 39636, 39638, 48918, 54104, 48950, 39612, 39614]",[],"['proc_creation_win_netsh_fw_allow_rdp.yml', 'lnx_auditd_network_sniffing.yml', 'lnx_susp_jexboss.yml', 'lnx_vsftpd_susp_error_messages.yml', 'proc_creation_win_tscon_rdp_redirect.yml', 'lnx_apt_equationgroup_lnx.yml', 'lnx_shell_susp_commands.yml', 'win_security_successful_external_remote_rdp_login.yml', 'proc_creation_macos_network_sniffing.yml', 'lnx_auditd_bpfdoor_port_redirect.yml', 'proc_creation_win_sysinternals_tools_masquerading.yml', 'win_security_successful_external_remote_smb_login.yml', 'registry_event_portproxy_registry_key.yml', 'proc_creation_lnx_crypto_mining.yml', 'proc_creation_win_nslookup_domain_discovery.yml', 'cisco_bgp_md5_auth_failed.yml', 'cisco_ldp_md5_auth_failed.yml', 'zeek_http_webdav_put_request.yml', 'net_connection_lnx_back_connect_shell_dev.yml', 'proxy_webdav_search_ms.yml', 'proc_creation_win_pua_ngrok.yml', 'lnx_shell_susp_rev_shells.yml', 'proc_creation_win_susp_crypto_mining_monero.yml', 'zeek_dns_mining_pools.yml', 'lnx_susp_dev_tcp.yml', 'net_connection_win_susp_epmap.yml']"
frontend,"[54401, 58508, 58510, 8080, 58512, 57236, 58522, 55840, 54816, 56226, 32800, 55844, 32804, 65316, 54824, 32808, 46636, 56238, 54321, 46642, 32820, 53, 54838, 'None', 32832, 46658, 54854, 46664, 45384, 54860, 54862, 7760, 46801, 45394, 32848, 32850, 80, 46678, 54870, 46688, 54882, 46700, 35062, 35064]","[11110, 3401, 3434, 19753, 9877, 3447, 'None']","['win_security_rdp_localhost_login.yml', 'file_event_lnx_persistence_cron_files.yml', 'win_security_susp_rottenpotato.yml', 'proc_creation_win_sysinternals_sdelete.yml', 'net_connection_win_excel_outbound_network_connection.yml', 'file_event_win_susp_exchange_aspx_write.yml', 'win_security_successful_external_remote_rdp_login.yml', 'win_security_smb_file_creation_admin_shares.yml', 'proc_creation_win_java_remote_debugging.yml', 'proc_creation_win_sysinternals_tools_masquerading.yml', 'azure_rare_operations.yml', 'proc_creation_win_susp_appx_execution.yml', 'dns_query_win_teamviewer_domain_query_by_uncommon_app.yml', 'lnx_auditd_system_info_discovery.yml', 'proc_creation_win_nslookup_domain_discovery.yml', 'azure_granting_permission_detection.yml', 'net_connection_win_susp_external_ip_lookup.yml', 'proc_creation_lnx_dd_process_injection.yml', 'net_connection_lnx_back_connect_shell_dev.yml', 'proc_creation_lnx_php_reverse_shell.yml', 'file_event_lnx_doas_conf_creation.yml', 'file_event_win_susp_recycle_bin_fake_exec.yml', 'file_event_win_powershell_startup_shortcuts.yml', 'pipe_created_adfs_namedpipe_connection_uncommon_tool.yml', 'lnx_susp_dev_tcp.yml', 'win_security_external_device.yml', 'win_system_susp_service_installation_folder.yml', 'lnx_auditd_logging_config_change.yml', 'win_susp_ntlm_rdp.yml', 'net_connection_win_powershell_network_connection.yml', 'image_load_dll_tttracer_module_load.yml', 'lnx_sudo_cve_2019_14287_user.yml', 'proc_creation_win_reg_write_protect_for_storage_disabled.yml', 'proc_creation_win_hktl_impacket_lateral_movement.yml', 'lnx_shell_susp_commands.yml', 'net_connection_win_python.yml', 'azure_creating_number_of_resources_detection.yml', 'proc_creation_macos_local_groups.yml', 'proc_creation_win_iis_appcmd_susp_rewrite_rule.yml', 'net_connection_win_remote_powershell_session_network.yml', 'proc_creation_lnx_sudo_cve_2019_14287.yml', 'proc_creation_lnx_triple_cross_rootkit_install.yml', 'microsoft365_susp_inbox_forwarding.yml', 'proc_creation_win_susp_system_user_anomaly.yml', 'proc_creation_lnx_susp_hktl_execution.yml', 'proc_creation_lnx_omigod_scx_runasprovider_executescript.yml', 'cisco_bgp_md5_auth_failed.yml', 'file_event_win_wmi_persistence_script_event_consumer_write.yml', 'win_mssql_failed_logon_from_external_network.yml', 'win_exchange_proxyshell_certificate_generation.yml', 'file_event_macos_emond_launch_daemon.yml', 'lnx_symlink_etc_passwd.yml', 'proxy_webdav_search_ms.yml', 'proc_creation_lnx_doas_execution.yml', 'win_system_meterpreter_or_cobaltstrike_getsystem_service_installation.yml', 'lnx_privileged_user_creation.yml', 'file_event_win_anydesk_writing_susp_binaries.yml', 'file_event_lnx_susp_shell_script_under_profile_directory.yml', 'lnx_auditd_auditing_config_change.yml', 'file_event_win_shell_write_susp_directory.yml', 'proc_creation_macos_system_network_discovery.yml', 'file_event_win_susp_legitimate_app_dropping_exe.yml', 'file_event_win_susp_legitimate_app_dropping_archive.yml', 'lnx_auditd_network_sniffing.yml', 'registry_event_disable_security_events_logging_adding_reg_key_minint.yml', 'proc_creation_lnx_susp_chmod_directories.yml', 'proc_creation_lnx_local_account.yml', 'proc_creation_win_pua_chisel.yml', 'lnx_susp_jexboss.yml', 'file_event_lnx_triple_cross_rootkit_persistence.yml', 'posh_ps_susp_proxy_scripts.yml', 'net_connection_win_rdp_outbound_over_non_standard_tools.yml', 'proc_creation_win_tscon_rdp_redirect.yml', 'azure_guest_invite_failure.yml', 'file_event_lnx_persistence_sudoers_files.yml', 'zeek_dns_susp_zbit_flag.yml', 'proc_creation_win_pua_wsudo_susp_execution.yml', 'posh_ps_cor_profiler.yml', 'proc_creation_win_rundll32_js_runhtmlapplication.yml', 'proc_creation_lnx_local_groups.yml', 'posh_ps_susp_write_eventlog.yml', 'win_system_cobaltstrike_service_installs.yml', 'win_security_successful_external_remote_smb_login.yml', 'registry_event_portproxy_registry_key.yml', 'posh_ps_win_api_susp_access.yml', 'sysmon_config_modification_error.yml', 'proc_creation_win_node_abuse.yml', 'azure_identity_protection_inbox_forwarding_rule.yml', 'create_remote_thread_win_susp_uncommon_target_image.yml', 'proc_creation_win_plink_susp_tunneling.yml', 'file_event_win_shell_write_susp_files_extensions.yml', 'proc_creation_win_lodctr_performance_counter_tampering.yml', 'zeek_http_webdav_put_request.yml', 'proc_creation_win_pua_ngrok.yml', 'proc_creation_lnx_usermod_susp_group.yml', 'net_dns_external_service_interaction_domains.yml', 'lnx_shell_susp_rev_shells.yml', 'proc_creation_win_susp_crypto_mining_monero.yml', 'proc_creation_lnx_susp_sensitive_file_access.yml', 'proc_creation_win_spoolsv_susp_child_processes.yml', 'win_security_cobaltstrike_service_installs.yml', 'win_security_windows_defender_exclusions_write_access.yml', 'net_connection_win_susp_epmap.yml', 'win_security_susp_krbrelayup.yml', 'proc_creation_lnx_ruby_reverse_shell.yml', 'proc_creation_win_netsh_fw_allow_rdp.yml', 'lnx_auditd_password_policy_discovery.yml', 'proc_creation_win_susp_redirect_local_admin_share.yml', 'lnx_vsftpd_susp_error_messages.yml', 'lnx_auditd_keylogging_with_pam_d.yml', 'proc_creation_win_wmic_remote_execution.yml', 'lnx_apt_equationgroup_lnx.yml', 'proc_creation_macos_local_account.yml', 'image_load_side_load_from_non_system_location.yml', 'proc_creation_macos_network_sniffing.yml', 'file_event_win_susp_legitimate_app_dropping_script.yml', 'lnx_auditd_bpfdoor_port_redirect.yml', 'dns_query_win_susp_external_ip_lookup.yml', 'lnx_auditd_unix_shell_configuration_modification.yml', 'lnx_auditd_systemd_service_creation.yml', 'proc_creation_lnx_susp_curl_fileupload.yml', 'proc_creation_lnx_system_network_discovery.yml', 'lnx_potential_susp_ebpf_activity.yml', 'proc_creation_win_bginfo_suspicious_child_process.yml', 'proc_creation_lnx_crypto_mining.yml', 'registry_set_bginfo_custom_db.yml', 'proc_creation_win_pua_3proxy_execution.yml', 'cisco_ldp_md5_auth_failed.yml', 'lnx_auditd_system_info_discovery2.yml', 'win_security_meterpreter_or_cobaltstrike_getsystem_service_install.yml', 'cisco_cli_discovery.yml', 'win_sshd_openssh_server_listening_on_socket.yml', 'proc_creation_lnx_dd_file_overwrite.yml', 'proc_creation_win_cipher_overwrite_deleted_data.yml', 'lnx_auditd_susp_exe_folders.yml', 'azure_ad_guest_users_invited_to_tenant_by_non_approved_inviters.yml', 'proc_creation_lnx_cat_sudoers.yml', 'proc_creation_lnx_triple_cross_rootkit_execve_hijack.yml', 'lnx_auditd_data_exfil_wget.yml', 'zeek_dns_mining_pools.yml', 'lnx_auditd_dd_delete_file.yml', 'proc_creation_win_bginfo_uncommon_child_process.yml', 'proc_creation_win_odbcconf_uncommon_child_process.yml', 'proc_creation_win_susp_inline_win_api_access.yml', 'lnx_ldso_preload_injection.yml', 'lnx_auditd_ld_so_preload_mod.yml', 'web_path_traversal_exploitation_attempt.yml']"
paymentservice,"[36032, 50051, 37604, 36038, 45574, 51240, 45548, 36046, 45552, 51248, 36050, 37622, 36056, 45564, 45562, 51260, 51230]",[],"['win_security_rdp_localhost_login.yml', 'proc_creation_win_netsh_fw_allow_rdp.yml', 'lnx_auditd_network_sniffing.yml', 'proc_creation_win_susp_redirect_local_admin_share.yml', 'win_security_susp_rottenpotato.yml', 'lnx_susp_jexboss.yml', 'proc_creation_win_pua_chisel.yml', 'lnx_vsftpd_susp_error_messages.yml', 'net_connection_win_excel_outbound_network_connection.yml', 'proc_creation_win_tscon_rdp_redirect.yml', 'proc_creation_win_wmic_remote_execution.yml', 'lnx_apt_equationgroup_lnx.yml', 'win_security_successful_external_remote_rdp_login.yml', 'lnx_shell_susp_commands.yml', 'proc_creation_win_hktl_impacket_lateral_movement.yml', 'net_connection_win_python.yml', 'proc_creation_macos_network_sniffing.yml', 'lnx_auditd_bpfdoor_port_redirect.yml', 'proc_creation_win_java_remote_debugging.yml', 'proc_creation_win_sysinternals_tools_masquerading.yml', 'proc_creation_lnx_susp_curl_fileupload.yml', 'net_connection_win_remote_powershell_session_network.yml', 'win_system_cobaltstrike_service_installs.yml', 'win_security_successful_external_remote_smb_login.yml', 'registry_event_portproxy_registry_key.yml', 'proc_creation_win_susp_system_user_anomaly.yml', 'proc_creation_lnx_crypto_mining.yml', 'proc_creation_win_nslookup_domain_discovery.yml', 'cisco_bgp_md5_auth_failed.yml', 'win_exchange_proxyshell_certificate_generation.yml', 'proc_creation_win_plink_susp_tunneling.yml', 'proc_creation_win_pua_3proxy_execution.yml', 'cisco_ldp_md5_auth_failed.yml', 'zeek_http_webdav_put_request.yml', 'win_security_meterpreter_or_cobaltstrike_getsystem_service_install.yml', 'net_connection_lnx_back_connect_shell_dev.yml', 'proc_creation_win_pua_ngrok.yml', 'proxy_webdav_search_ms.yml', 'lnx_shell_susp_rev_shells.yml', 'proc_creation_win_susp_crypto_mining_monero.yml', 'win_system_meterpreter_or_cobaltstrike_getsystem_service_installation.yml', 'win_security_cobaltstrike_service_installs.yml', 'zeek_dns_mining_pools.yml', 'lnx_susp_dev_tcp.yml', 'net_connection_win_susp_epmap.yml', 'win_security_susp_krbrelayup.yml', 'win_system_susp_service_installation_folder.yml', 'net_connection_win_powershell_network_connection.yml']"
cartservice,"[46368, 55106, 53666, 49254, 46376, 53678, 55102, 7070]","[2433, 2434, 1923, 2436, 2435, 2437, 2438, 2439, 1929, 1930, 1931, 2440, 1933, 1934, 1935, 3592, 3598, 3599, 3600, 3601, 3602, 3603, 3604, 1827, 1837, 1842, 1843, 1844, 1845, 1846, 1847, 3128, 'None', 3007, 3138, 2508, 3153, 3154, 3155, 3156, 3157, 2518, 3030, 3158, 3159, 3160, 3036, 3037, 3038, 3039, 3040, 3041, 3042, 2535, 2409, 2540, 2425, 1914, 3582]","['win_security_rdp_localhost_login.yml', 'proc_creation_win_netsh_fw_allow_rdp.yml', 'lnx_auditd_network_sniffing.yml', 'proc_creation_win_susp_redirect_local_admin_share.yml', 'win_security_susp_rottenpotato.yml', 'proc_creation_win_sysinternals_psexesvc_as_system.yml', 'proc_creation_win_pua_chisel.yml', 'lnx_susp_jexboss.yml', 'lnx_vsftpd_susp_error_messages.yml', 'net_connection_win_excel_outbound_network_connection.yml', 'proc_creation_win_wmic_remote_execution.yml', 'proc_creation_win_tscon_rdp_redirect.yml', 'lnx_apt_equationgroup_lnx.yml', 'proc_creation_win_hktl_impacket_lateral_movement.yml', 'lnx_shell_susp_commands.yml', 'win_security_successful_external_remote_rdp_login.yml', 'net_connection_win_python.yml', 'proc_creation_macos_network_sniffing.yml', 'lnx_auditd_bpfdoor_port_redirect.yml', 'proc_creation_win_java_remote_debugging.yml', 'proc_creation_win_sysinternals_tools_masquerading.yml', 'proc_creation_lnx_susp_curl_fileupload.yml', 'net_connection_win_remote_powershell_session_network.yml', 'win_system_cobaltstrike_service_installs.yml', 'win_security_successful_external_remote_smb_login.yml', 'registry_event_portproxy_registry_key.yml', 'proc_creation_win_susp_system_user_anomaly.yml', 'proc_creation_lnx_crypto_mining.yml', 'proc_creation_win_nslookup_domain_discovery.yml', 'cisco_bgp_md5_auth_failed.yml', 'win_exchange_proxyshell_certificate_generation.yml', 'proc_creation_win_plink_susp_tunneling.yml', 'proc_creation_macos_suspicious_applet_behaviour.yml', 'proc_creation_win_pua_3proxy_execution.yml', 'cisco_ldp_md5_auth_failed.yml', 'proc_creation_win_sysinternals_psexec_paexec_escalate_system.yml', 'zeek_http_webdav_put_request.yml', 'win_security_meterpreter_or_cobaltstrike_getsystem_service_install.yml', 'net_connection_lnx_back_connect_shell_dev.yml', 'proc_creation_win_pua_ngrok.yml', 'proxy_webdav_search_ms.yml', 'lnx_shell_susp_rev_shells.yml', 'proc_creation_win_susp_crypto_mining_monero.yml', 'win_system_meterpreter_or_cobaltstrike_getsystem_service_installation.yml', 'win_security_cobaltstrike_service_installs.yml', 'zeek_dns_mining_pools.yml', 'lnx_susp_dev_tcp.yml', 'proc_creation_win_tasklist_basic_execution.yml', 'win_system_susp_service_installation_folder.yml', 'win_security_susp_krbrelayup.yml', 'net_connection_win_susp_epmap.yml', 'proc_creation_lnx_process_discovery.yml', 'net_connection_win_powershell_network_connection.yml']"
currencyservice,"[44000, 35042, 43688, 60528, 7000, 43992, 43704, 60538]",[],"['win_security_rdp_localhost_login.yml', 'proc_creation_win_netsh_fw_allow_rdp.yml', 'lnx_auditd_network_sniffing.yml', 'proc_creation_win_susp_redirect_local_admin_share.yml', 'win_security_susp_rottenpotato.yml', 'lnx_susp_jexboss.yml', 'proc_creation_win_pua_chisel.yml', 'lnx_vsftpd_susp_error_messages.yml', 'net_connection_win_excel_outbound_network_connection.yml', 'proc_creation_win_tscon_rdp_redirect.yml', 'proc_creation_win_wmic_remote_execution.yml', 'lnx_apt_equationgroup_lnx.yml', 'win_security_successful_external_remote_rdp_login.yml', 'lnx_shell_susp_commands.yml', 'proc_creation_win_hktl_impacket_lateral_movement.yml', 'net_connection_win_python.yml', 'proc_creation_macos_network_sniffing.yml', 'lnx_auditd_bpfdoor_port_redirect.yml', 'proc_creation_win_java_remote_debugging.yml', 'proc_creation_win_sysinternals_tools_masquerading.yml', 'proc_creation_lnx_susp_curl_fileupload.yml', 'net_connection_win_remote_powershell_session_network.yml', 'win_system_cobaltstrike_service_installs.yml', 'win_security_successful_external_remote_smb_login.yml', 'registry_event_portproxy_registry_key.yml', 'proc_creation_win_susp_system_user_anomaly.yml', 'proc_creation_lnx_crypto_mining.yml', 'proc_creation_win_nslookup_domain_discovery.yml', 'cisco_bgp_md5_auth_failed.yml', 'win_exchange_proxyshell_certificate_generation.yml', 'proc_creation_win_plink_susp_tunneling.yml', 'proc_creation_win_pua_3proxy_execution.yml', 'cisco_ldp_md5_auth_failed.yml', 'zeek_http_webdav_put_request.yml', 'win_security_meterpreter_or_cobaltstrike_getsystem_service_install.yml', 'net_connection_lnx_back_connect_shell_dev.yml', 'proc_creation_win_pua_ngrok.yml', 'proxy_webdav_search_ms.yml', 'lnx_shell_susp_rev_shells.yml', 'proc_creation_win_susp_crypto_mining_monero.yml', 'win_system_meterpreter_or_cobaltstrike_getsystem_service_installation.yml', 'win_security_cobaltstrike_service_installs.yml', 'zeek_dns_mining_pools.yml', 'lnx_susp_dev_tcp.yml', 'net_connection_win_susp_epmap.yml', 'win_security_susp_krbrelayup.yml', 'win_system_susp_service_installation_folder.yml', 'net_connection_win_powershell_network_connection.yml']"
productcatalogservice,"[52324, 3550, 34350, 52334, 34356, 41176, 41182, 43390]",[],"['win_security_rdp_localhost_login.yml', 'proc_creation_win_netsh_fw_allow_rdp.yml', 'lnx_auditd_network_sniffing.yml', 'proc_creation_win_susp_redirect_local_admin_share.yml', 'win_security_susp_rottenpotato.yml', 'proc_creation_win_pua_chisel.yml', 'lnx_susp_jexboss.yml', 'lnx_vsftpd_susp_error_messages.yml', 'net_connection_win_excel_outbound_network_connection.yml', 'proc_creation_win_wmic_remote_execution.yml', 'proc_creation_win_tscon_rdp_redirect.yml', 'lnx_apt_equationgroup_lnx.yml', 'proc_creation_win_hktl_impacket_lateral_movement.yml', 'lnx_shell_susp_commands.yml', 'win_security_successful_external_remote_rdp_login.yml', 'net_connection_win_python.yml', 'proc_creation_macos_network_sniffing.yml', 'lnx_auditd_bpfdoor_port_redirect.yml', 'proc_creation_win_java_remote_debugging.yml', 'proc_creation_win_sysinternals_tools_masquerading.yml', 'proc_creation_lnx_susp_curl_fileupload.yml', 'net_connection_win_remote_powershell_session_network.yml', 'win_system_cobaltstrike_service_installs.yml', 'win_security_successful_external_remote_smb_login.yml', 'registry_event_portproxy_registry_key.yml', 'proc_creation_win_susp_system_user_anomaly.yml', 'proc_creation_lnx_crypto_mining.yml', 'proc_creation_win_nslookup_domain_discovery.yml', 'cisco_bgp_md5_auth_failed.yml', 'win_exchange_proxyshell_certificate_generation.yml', 'proc_creation_win_plink_susp_tunneling.yml', 'proc_creation_win_pua_3proxy_execution.yml', 'cisco_ldp_md5_auth_failed.yml', 'zeek_http_webdav_put_request.yml', 'win_security_meterpreter_or_cobaltstrike_getsystem_service_install.yml', 'net_connection_lnx_back_connect_shell_dev.yml', 'proc_creation_win_pua_ngrok.yml', 'proxy_webdav_search_ms.yml', 'lnx_shell_susp_rev_shells.yml', 'proc_creation_win_susp_crypto_mining_monero.yml', 'win_system_meterpreter_or_cobaltstrike_getsystem_service_installation.yml', 'win_security_cobaltstrike_service_installs.yml', 'zeek_dns_mining_pools.yml', 'lnx_susp_dev_tcp.yml', 'win_system_susp_service_installation_folder.yml', 'win_security_susp_krbrelayup.yml', 'net_connection_win_susp_epmap.yml', 'net_connection_win_powershell_network_connection.yml']"
checkoutservice,"[5050, 36036, 37066, 51792, 51798, 37050, 36028]",[],"['win_security_rdp_localhost_login.yml', 'proc_creation_win_netsh_fw_allow_rdp.yml', 'lnx_auditd_network_sniffing.yml', 'proc_creation_win_susp_redirect_local_admin_share.yml', 'win_security_susp_rottenpotato.yml', 'lnx_susp_jexboss.yml', 'proc_creation_win_pua_chisel.yml', 'lnx_vsftpd_susp_error_messages.yml', 'net_connection_win_excel_outbound_network_connection.yml', 'proc_creation_win_tscon_rdp_redirect.yml', 'proc_creation_win_wmic_remote_execution.yml', 'lnx_apt_equationgroup_lnx.yml', 'win_security_successful_external_remote_rdp_login.yml', 'lnx_shell_susp_commands.yml', 'proc_creation_win_hktl_impacket_lateral_movement.yml', 'net_connection_win_python.yml', 'proc_creation_macos_network_sniffing.yml', 'lnx_auditd_bpfdoor_port_redirect.yml', 'proc_creation_win_java_remote_debugging.yml', 'proc_creation_win_sysinternals_tools_masquerading.yml', 'proc_creation_lnx_susp_curl_fileupload.yml', 'net_connection_win_remote_powershell_session_network.yml', 'win_system_cobaltstrike_service_installs.yml', 'win_security_successful_external_remote_smb_login.yml', 'registry_event_portproxy_registry_key.yml', 'proc_creation_win_susp_system_user_anomaly.yml', 'proc_creation_lnx_crypto_mining.yml', 'proc_creation_win_nslookup_domain_discovery.yml', 'cisco_bgp_md5_auth_failed.yml', 'win_exchange_proxyshell_certificate_generation.yml', 'proc_creation_win_plink_susp_tunneling.yml', 'proc_creation_win_pua_3proxy_execution.yml', 'cisco_ldp_md5_auth_failed.yml', 'zeek_http_webdav_put_request.yml', 'win_security_meterpreter_or_cobaltstrike_getsystem_service_install.yml', 'net_connection_lnx_back_connect_shell_dev.yml', 'proc_creation_win_pua_ngrok.yml', 'proxy_webdav_search_ms.yml', 'lnx_shell_susp_rev_shells.yml', 'proc_creation_win_susp_crypto_mining_monero.yml', 'win_system_meterpreter_or_cobaltstrike_getsystem_service_installation.yml', 'win_security_cobaltstrike_service_installs.yml', 'zeek_dns_mining_pools.yml', 'lnx_susp_dev_tcp.yml', 'net_connection_win_susp_epmap.yml', 'win_security_susp_krbrelayup.yml', 'win_system_susp_service_installation_folder.yml', 'net_connection_win_powershell_network_connection.yml']"
adservice,"[57410, 48840, 57420, 9555, 48824]","[3331, 2307, 3335, 3338, 3339, 2324, 3107, 2212, 3117, 2222, 3123, 3124, 2229, 2230, 2231, 2232, 2233, 3125, 3126, 3127, 'None', 2372, 2373, 2374, 2375, 2376, 2378, 2379, 3285, 3298]","['win_security_rdp_localhost_login.yml', 'proc_creation_win_netsh_fw_allow_rdp.yml', 'lnx_auditd_network_sniffing.yml', 'proc_creation_win_susp_redirect_local_admin_share.yml', 'win_security_susp_rottenpotato.yml', 'proc_creation_win_sysinternals_psexesvc_as_system.yml', 'proc_creation_win_pua_chisel.yml', 'lnx_susp_jexboss.yml', 'lnx_vsftpd_susp_error_messages.yml', 'net_connection_win_excel_outbound_network_connection.yml', 'proc_creation_win_wmic_remote_execution.yml', 'proc_creation_win_tscon_rdp_redirect.yml', 'lnx_apt_equationgroup_lnx.yml', 'proc_creation_win_hktl_impacket_lateral_movement.yml', 'lnx_shell_susp_commands.yml', 'win_security_successful_external_remote_rdp_login.yml', 'net_connection_win_python.yml', 'proc_creation_macos_network_sniffing.yml', 'lnx_auditd_bpfdoor_port_redirect.yml', 'proc_creation_win_java_remote_debugging.yml', 'proc_creation_win_sysinternals_tools_masquerading.yml', 'proc_creation_lnx_susp_curl_fileupload.yml', 'net_connection_win_remote_powershell_session_network.yml', 'win_system_cobaltstrike_service_installs.yml', 'win_security_successful_external_remote_smb_login.yml', 'registry_event_portproxy_registry_key.yml', 'proc_creation_win_susp_system_user_anomaly.yml', 'proc_creation_lnx_crypto_mining.yml', 'proc_creation_win_nslookup_domain_discovery.yml', 'cisco_bgp_md5_auth_failed.yml', 'win_exchange_proxyshell_certificate_generation.yml', 'proc_creation_win_plink_susp_tunneling.yml', 'proc_creation_macos_suspicious_applet_behaviour.yml', 'proc_creation_win_pua_3proxy_execution.yml', 'cisco_ldp_md5_auth_failed.yml', 'proc_creation_win_sysinternals_psexec_paexec_escalate_system.yml', 'zeek_http_webdav_put_request.yml', 'win_security_meterpreter_or_cobaltstrike_getsystem_service_install.yml', 'net_connection_lnx_back_connect_shell_dev.yml', 'proc_creation_win_pua_ngrok.yml', 'proxy_webdav_search_ms.yml', 'lnx_shell_susp_rev_shells.yml', 'proc_creation_win_susp_crypto_mining_monero.yml', 'win_system_meterpreter_or_cobaltstrike_getsystem_service_installation.yml', 'win_security_cobaltstrike_service_installs.yml', 'zeek_dns_mining_pools.yml', 'lnx_susp_dev_tcp.yml', 'proc_creation_win_tasklist_basic_execution.yml', 'win_system_susp_service_installation_folder.yml', 'win_security_susp_krbrelayup.yml', 'net_connection_win_susp_epmap.yml', 'proc_creation_lnx_process_discovery.yml', 'net_connection_win_powershell_network_connection.yml']"
external,"[54401, 'None']","[11110, 3401, 19754, 19753, 1234, 9876, 9877, 9878, 3447]","['proc_creation_win_sysinternals_sdelete.yml', 'lnx_auditd_omigod_scx_runasprovider_executeshellcommand.yml', 'net_connection_win_excel_outbound_network_connection.yml', 'file_event_win_susp_exchange_aspx_write.yml', 'registry_add_persistence_disk_cleanup_handler_entry.yml', 'proc_creation_win_citrix_trolleyexpress_procdump.yml', 'win_security_smb_file_creation_admin_shares.yml', 'proc_creation_win_java_remote_debugging.yml', 'azure_rare_operations.yml', 'proc_creation_win_susp_appx_execution.yml', 'proc_creation_lnx_susp_execution_tmp_folder.yml', 'proc_creation_win_hktl_handlekatz.yml', 'proc_access_win_lsass_whitelisted_process_names.yml', 'azure_granting_permission_detection.yml', 'net_connection_win_susp_external_ip_lookup.yml', 'proc_creation_lnx_php_reverse_shell.yml', 'file_event_win_susp_recycle_bin_fake_exec.yml', 'image_load_dll_dbghelp_dbgcore_unsigned_load.yml', 'file_event_win_powershell_startup_shortcuts.yml', 'pipe_created_adfs_namedpipe_connection_uncommon_tool.yml', 'win_security_external_device.yml', 'file_event_win_lsass_default_dump_file_names.yml', 'win_susp_ntlm_rdp.yml', 'proc_creation_lnx_susp_shell_script_exec_from_susp_location.yml', 'proc_creation_lnx_schedule_task_job_cron.yml', 'proc_creation_lnx_omigod_scx_runasprovider_executeshellcommand.yml', 'image_load_dll_tttracer_module_load.yml', 'proc_creation_win_reg_write_protect_for_storage_disabled.yml', 'proc_creation_win_rundll32_process_dump_via_comsvcs.yml', 'lnx_shell_susp_commands.yml', 'azure_creating_number_of_resources_detection.yml', 'file_event_lnx_triple_cross_rootkit_lock_file.yml', 'proc_creation_win_iis_appcmd_susp_rewrite_rule.yml', 'proc_creation_lnx_cp_passwd_or_shadow_tmp.yml', 'microsoft365_susp_inbox_forwarding.yml', 'proc_creation_lnx_susp_hktl_execution.yml', 'proc_creation_lnx_omigod_scx_runasprovider_executescript.yml', 'file_event_win_wmi_persistence_script_event_consumer_write.yml', 'win_mssql_failed_logon_from_external_network.yml', 'win_exchange_proxyshell_certificate_generation.yml', 'file_event_win_anydesk_writing_susp_binaries.yml', 'proc_creation_win_hktl_xordump.yml', 'file_event_win_shell_write_susp_directory.yml', 'proc_creation_lnx_susp_shell_child_process_from_parent_tmp_folder.yml', 'proc_creation_macos_system_network_discovery.yml', 'file_event_win_susp_legitimate_app_dropping_exe.yml', 'file_event_win_susp_legitimate_app_dropping_archive.yml', 'registry_event_disable_security_events_logging_adding_reg_key_minint.yml', 'proc_creation_lnx_susp_chmod_directories.yml', 'posh_ps_susp_proxy_scripts.yml', 'proc_creation_lnx_wget_download_suspicious_directory.yml', 'azure_guest_invite_failure.yml', 'image_load_dll_dbghelp_dbgcore_susp_load.yml', 'zeek_dns_susp_zbit_flag.yml', 'posh_ps_cor_profiler.yml', 'proc_creation_win_rundll32_js_runhtmlapplication.yml', 'posh_ps_susp_write_eventlog.yml', 'posh_ps_win_api_susp_access.yml', 'sysmon_config_modification_error.yml', 'proc_creation_win_node_abuse.yml', 'azure_identity_protection_inbox_forwarding_rule.yml', 'proc_creation_lnx_mkfifo_named_pipe_creation_susp_location.yml', 'create_remote_thread_win_susp_uncommon_target_image.yml', 'proc_creation_win_hktl_winpeas.yml', 'file_event_win_shell_write_susp_files_extensions.yml', 'proc_creation_win_lodctr_performance_counter_tampering.yml', 'net_dns_external_service_interaction_domains.yml', 'lnx_shell_susp_rev_shells.yml', 'proc_creation_win_spoolsv_susp_child_processes.yml', 'proc_creation_lnx_nohup_susp_execution.yml', 'win_security_windows_defender_exclusions_write_access.yml', 'file_event_win_sysinternals_livekd_default_dump_name.yml', 'proc_creation_lnx_ruby_reverse_shell.yml', 'image_load_side_load_from_non_system_location.yml', 'lnx_apt_equationgroup_lnx.yml', 'file_event_win_susp_legitimate_app_dropping_script.yml', 'file_event_lnx_wget_download_file_in_tmp_dir.yml', 'dns_query_win_susp_external_ip_lookup.yml', 'lnx_potential_susp_ebpf_activity.yml', 'proc_creation_win_bginfo_suspicious_child_process.yml', 'proc_creation_macos_schedule_task_job_cron.yml', 'proc_creation_lnx_crypto_mining.yml', 'proc_access_win_lsass_dump_comsvcs_dll.yml', 'registry_set_bginfo_custom_db.yml', 'cisco_cli_discovery.yml', 'lnx_auditd_susp_exe_folders.yml', 'win_sshd_openssh_server_listening_on_socket.yml', 'proc_creation_lnx_dd_file_overwrite.yml', 'proc_creation_win_cipher_overwrite_deleted_data.yml', 'azure_ad_guest_users_invited_to_tenant_by_non_approved_inviters.yml', 'lnx_auditd_dd_delete_file.yml', 'proc_creation_win_bginfo_uncommon_child_process.yml', 'proc_access_win_lsass_werfault.yml', 'proc_creation_win_odbcconf_uncommon_child_process.yml', 'proc_creation_win_susp_inline_win_api_access.yml']"
recommendationservice,[],"[3449, 9879, 9880, 9881, 1723, 1724, 1725, 3447]","['proc_creation_win_powershell_encode.yml', 'proc_creation_win_powershell_set_acl.yml', 'posh_pm_invoke_obfuscation_obfuscated_iex.yml', 'proc_creation_win_sysinternals_sysmon_config_update.yml', 'win_defender_real_time_protection_errors.yml', 'proc_creation_win_office_outlook_susp_child_processes.yml', 'posh_ps_using_set_service_to_hide_services.yml', 'win_werfault_susp_lsass_credential_dump.yml', 'registry_set_disable_function_user.yml', 'proc_creation_win_hktl_invoke_obfuscation_via_stdin.yml', 'proc_creation_win_hktl_jlaive_batch_execution.yml', 'azure_virtual_network_modified_or_deleted.yml', 'azure_service_principal_removed.yml', 'posh_ps_modify_group_policy_settings.yml', 'file_event_win_office_macro_files_from_susp_process.yml', 'proc_creation_win_cmd_sticky_key_like_backdoor_execution.yml', 'win_exchange_proxyshell_mailbox_export.yml', 'lnx_auditd_screencaputre_xwd.yml', 'proc_creation_win_winrar_susp_child_process.yml', 'image_load_dll_system_management_automation_susp_load.yml', 'proc_creation_win_git_susp_clone.yml', 'create_stream_hash_winget_susp_package_source.yml', 'win_system_application_sysmon_crash.yml', 'posh_pm_invoke_obfuscation_via_rundll.yml', 'proc_creation_win_lolbin_visual_basic_compiler.yml', 'proc_creation_win_powershell_malicious_cmdlets.yml', 'proc_creation_win_csc_susp_parent.yml', 'win_system_exploit_cve_2021_42287.yml', 'proc_creation_win_wmic_eventconsumer_creation.yml', 'file_event_win_creation_new_shim_database.yml', 'posh_pm_susp_smb_share_reco.yml', 'posh_ps_susp_recon_export.yml', 'proc_creation_win_bash_file_execution.yml', 'web_apache_segfault.yml', 'proc_creation_win_diskshadow_child_process_susp.yml', 'aws_sso_idp_change.yml', 'proc_creation_win_shutdown_logoff.yml', 'proc_creation_win_whoami_groups_discovery.yml', 'registry_set_telemetry_persistence.yml', 'proc_creation_win_susp_hiding_malware_in_fonts_folder.yml', 'proc_creation_win_susp_network_sniffing.yml', 'file_event_win_gotoopener_artefact.yml', 'proc_creation_win_netsh_fw_add_rule.yml', 'file_event_win_create_evtx_non_common_locations.yml', 'file_event_win_susp_hidden_dir_index_allocation.yml', 'registry_event_shell_open_keys_manipulation.yml', 'registry_set_persistence_search_order.yml', 'azure_application_security_group_modified_or_deleted.yml', 'zeek_dce_rpc_potential_petit_potam_efs_rpc_call.yml', 'proc_creation_win_webshell_tool_recon.yml', 'proc_creation_win_lolbin_ssh.yml', 'win_appxdeployment_server_susp_domains.yml', 'registry_set_custom_file_open_handler_powershell_execution.yml', 'proc_creation_win_powershell_base64_encoded_cmd.yml', 'proc_creation_win_rpcping_credential_capture.yml', 'win_security_account_backdoor_dcsync_rights.yml', 'posh_ps_susp_mounted_share_deletion.yml', 'lnx_sshd_susp_ssh.yml', 'win_susp_ntlm_rdp.yml', 'pipe_created_hktl_coercedpotato.yml', 'posh_ps_directorysearcher.yml', 'proc_creation_win_powershell_install_unsigned_appx_packages.yml', 'proc_creation_win_taskkill_sep.yml', 'proc_creation_win_remote_access_tools_screenconnect_anomaly.yml', 'proc_creation_win_mshta_javascript.yml', 'proc_creation_macos_xcsset_malware_infection.yml', 'net_connection_win_powershell_network_connection.yml', 'file_event_win_susp_homoglyph_filename.yml', 'net_connection_win_devtunnel_connection.yml', 'proc_creation_win_hktl_invoke_obfuscation_obfuscated_iex_commandline.yml', 'proc_creation_win_mspub_download.yml', 'proc_creation_win_powershell_susp_ps_appdata.yml', 'posh_ps_wmi_unquoted_service_search.yml', 'azure_app_uri_modifications.yml', 'proc_creation_win_susp_shadow_copies_creation.yml', 'posh_ps_mailboxexport_share.yml', 'proc_creation_win_cmd_shadowcopy_access.yml', 'azure_service_principal_created.yml', 'win_security_invoke_obfuscation_via_stdin_services_security.yml', 'proc_creation_win_susp_abusing_debug_privilege.yml', 'image_load_hktl_sharpevtmute.yml', 'proc_creation_win_reg_screensaver.yml', 'proc_creation_win_susp_shell_spawn_susp_program.yml', 'proc_creation_lnx_iptables_flush_ufw.yml', 'proc_creation_win_hktl_relay_attacks_tools.yml', 'aws_s3_data_management_tampering.yml', 'proxy_ua_frameworks.yml', 'proc_creation_win_sdiagnhost_susp_child.yml', 'proc_creation_win_powershell_set_acl_susp_location.yml', 'win_security_susp_scheduled_task_update.yml', 'proc_creation_win_vscode_child_processes_anomalies.yml', 'proc_creation_win_driverquery_recon.yml', 'proxy_baby_shark.yml', 'posh_ps_xml_iex.yml', 'win_bits_client_new_job_via_powershell.yml', 'win_exchange_proxyshell_certificate_generation.yml', 'win_security_susp_possible_shadow_credentials_added.yml', 'proc_creation_win_cmd_unusual_parent.yml', 'image_load_side_load_wazuh.yml', 'proc_creation_win_servu_susp_child_process.yml', 'proc_creation_macos_wizardupdate_malware_infection.yml', 'proc_creation_win_cmd_mklink_shadow_copies_access_symlink.yml', 'proc_creation_win_hktl_empire_powershell_launch.yml', 'win_mssql_disable_audit_settings.yml', 'zeek_dce_rpc_mitre_bzar_execution.yml', 'proc_creation_lnx_susp_java_children.yml', 'proc_creation_macos_clear_system_logs.yml', 'proc_creation_win_regsvr32_flags_anomaly.yml', 'win_system_powershell_script_installed_as_service.yml', 'proc_creation_lnx_susp_history_recon.yml', 'win_security_mal_wceaux_dll.yml', 'posh_ps_susp_win32_pnpentity.yml', 'win_system_invoke_obfuscation_via_use_clip_services.yml', 'win_esent_ntdsutil_abuse_susp_location.yml', 'file_event_win_susp_legitimate_app_dropping_archive.yml', 'aws_route_53_domain_transferred_lock_disabled.yml', 'proc_creation_win_hktl_purplesharp_indicators.yml', 'proc_creation_lnx_susp_interactive_bash.yml', 'proc_creation_win_lolbin_pcwutl.yml', 'proc_creation_lnx_python_reverse_shell.yml', 'posh_ps_susp_directory_enum.yml', 'proc_creation_win_java_manageengine_susp_child_process.yml', 'proc_creation_win_hktl_invoke_obfuscation_via_compress.yml', 'proc_creation_lnx_remove_package.yml', 'lnx_sshd_ssh_cve_2018_15473.yml', 'proc_creation_win_powershell_public_folder.yml', 'image_load_dll_dbghelp_dbgcore_susp_load.yml', 'proc_creation_win_remote_access_tools_anydesk_susp_exec.yml', 'proc_creation_win_powershell_aadinternals_cmdlets_execution.yml', 'proc_access_win_lsass_python_based_tool.yml', 'proc_creation_win_rundll32_mshtml_runhtmlapplication.yml', 'proc_creation_lnx_clear_logs.yml', 'zeek_dce_rpc_smb_spoolss_named_pipe.yml', 'win_mssql_xp_cmdshell_change.yml', 'file_event_win_writing_local_admin_share.yml', 'posh_ps_disable_psreadline_command_history.yml', 'proc_creation_win_certmgr_certificate_installation.yml', 'azure_tap_added.yml', 'proc_creation_win_hktl_execution_via_imphashes.yml', 'azure_kubernetes_rolebinding_modified_or_deleted.yml', 'proc_creation_win_csi_use_of_csharp_console.yml', 'proc_creation_win_sc_disable_service.yml', 'proc_creation_win_net_use_mount_admin_share.yml', 'aws_snapshot_backup_exfiltration.yml', 'okta_policy_modified_or_deleted.yml', 'proc_creation_win_hktl_stracciatella_execution.yml', 'posh_ps_psasyncshell.yml', 'posh_pc_remotefxvgpudisablement_abuse.yml', 'posh_ps_import_module_susp_dirs.yml', 'proc_creation_win_office_susp_child_processes.yml', 'proc_creation_win_pua_nircmd.yml', 'proc_creation_lnx_malware_gobrat_grep_payload_discovery.yml', 'file_event_win_powershell_drop_powershell.yml', 'azure_group_user_removal_ca_modification.yml', 'lnx_shell_clear_cmd_history.yml', 'zeek_http_webdav_put_request.yml', 'proc_creation_lnx_esxcli_vm_kill.yml', 'proc_creation_win_powershell_snapins_hafnium.yml', 'posh_ps_cmdlet_scheduled_task.yml', 'proc_creation_macos_create_hidden_account.yml', 'posh_ps_detect_vm_env.yml', 'proc_creation_win_susp_crypto_mining_monero.yml', 'pipe_created_powershell_alternate_host_pipe.yml', 'create_remote_thread_win_powershell_lsass.yml', 'proc_creation_win_provlaunch_potential_abuse.yml', 'proc_creation_win_webshell_hacking.yml', 'proc_creation_lnx_python_pty_spawn.yml', 'posh_ps_invoke_obfuscation_via_compress.yml', 'proc_creation_win_rundll32_unc_path.yml', 'azure_keyvault_key_modified_or_deleted.yml', 'proc_creation_win_vmware_vmtoolsd_susp_child_process.yml', 'proc_creation_lnx_ruby_reverse_shell.yml', 'proc_creation_win_wmic_susp_execution_via_office_process.yml', 'win_security_invoke_obfuscation_obfuscated_iex_services_security.yml', 'azure_aad_secops_new_ca_policy_addedby_bad_actor.yml', 'azure_app_appid_uri_changes.yml', 'proc_creation_win_susp_redirect_local_admin_share.yml', 'win_system_invoke_obfuscation_via_var_services.yml', 'azure_aad_secops_ca_policy_removedby_bad_actor.yml', 'proc_creation_win_remote_access_tools_logmein.yml', 'proc_creation_win_powershell_token_obfuscation.yml', 'proc_creation_win_susp_script_exec_from_env_folder.yml', 'win_bits_client_new_transfer_saving_susp_extensions.yml', 'proc_creation_macos_dscl_add_user_to_admin_group.yml', 'posh_ps_susp_start_process.yml', 'posh_pc_tamper_windows_defender_set_mp.yml', 'registry_set_cobaltstrike_service_installs.yml', 'proc_creation_win_net_share_unmount.yml', 'proc_creation_win_hktl_covenant.yml', 'proc_creation_win_susp_embed_exe_lnk.yml', 'file_event_win_susp_legitimate_app_dropping_script.yml', 'lnx_auditd_bpfdoor_port_redirect.yml', 'proc_creation_macos_susp_browser_child_process.yml', 'registry_set_asep_reg_keys_modification_classes.yml', 'win_security_wfp_endpoint_agent_blocked.yml', 'dns_query_win_susp_external_ip_lookup.yml', 'posh_ps_susp_service_dacl_modification_set_service.yml', 'posh_pc_renamed_powershell.yml', 'win_security_invoke_obfuscation_via_var_services_security.yml', 'file_event_win_remote_access_tools_screenconnect_artefact.yml', 'posh_ps_send_mailmessage.yml', 'proc_creation_win_winrm_remote_powershell_session_process.yml', 'proc_creation_lnx_bash_interactive_shell.yml', 'cisco_cli_collect_data.yml', 'aws_susp_saml_activity.yml', 'proc_creation_win_powershell_user_discovery_get_aduser.yml', 'file_event_win_initial_access_dll_search_order_hijacking.yml', 'proc_creation_win_powershell_non_interactive_execution.yml', 'win_esent_ntdsutil_abuse.yml', 'web_susp_windows_path_uri.yml', 'proc_creation_win_hktl_sharpview.yml', 'proc_creation_lnx_crypto_mining.yml', 'proc_creation_win_sysinternals_adexplorer_susp_execution.yml', 'win_security_codeintegrity_check_failure.yml', 'proc_creation_win_powershell_exec_data_file.yml', 'aws_attached_malicious_lambda_layer.yml', 'proc_creation_win_wsl_child_processes_anomalies.yml', 'azure_kubernetes_pods_deleted.yml', 'win_av_relevant_match.yml', 'aws_ec2_disable_encryption.yml', 'driver_load_win_vuln_hevd_driver.yml', 'proxy_susp_ipfs_cred_harvest.yml', 'posh_ps_timestomp.yml', 'proc_creation_win_cmd_assoc_execution.yml', 'proc_creation_win_susp_archiver_iso_phishing.yml', 'create_stream_hash_creation_internet_file.yml', 'proc_creation_win_registry_enumeration_for_credentials_cli.yml', 'proc_creation_win_powershell_import_module_susp_dirs.yml', 'registry_set_persistence_mpnotify.yml', 'win_wmi_persistence.yml', 'proc_creation_win_powershell_base64_wmi_classes.yml', 'rpc_firewall_sharphound_recon_account.yml', 'proc_creation_win_rundll32_shell32_susp_execution.yml', 'proc_creation_win_java_susp_child_process.yml', 'file_event_win_lsass_shtinkering.yml', 'posh_pm_susp_download.yml', 'win_system_invoke_obfuscation_obfuscated_iex_services.yml', 'proc_creation_win_susp_ntfs_short_name_path_use_cli.yml', 'proc_creation_win_susp_privilege_escalation_cli_patterns.yml', 'posh_ps_powerview_malicious_commandlets.yml', 'proc_creation_win_schtasks_folder_combos.yml', 'proc_creation_win_odbcconf_uncommon_child_process.yml', 'posh_ps_invoke_obfuscation_via_var.yml', 'file_event_win_susp_powershell_profile.yml', 'proc_creation_win_renamed_netsupport_rat.yml', 'lnx_auditd_ld_so_preload_mod.yml', 'aws_sts_assumerole_misuse.yml', 'rpc_firewall_remote_server_service_abuse.yml', 'proc_creation_win_powershell_base64_mppreference.yml', 'github_self_hosted_runner_changes_detected.yml', 'file_event_win_ntds_dit_uncommon_parent_process.yml', 'gcp_service_account_modified.yml', 'azure_identity_protection_prt_access.yml', 'posh_pc_powercat.yml', 'lnx_auditd_omigod_scx_runasprovider_executeshellcommand.yml', 'proc_creation_win_java_susp_child_process_2.yml', 'registry_set_netsh_help_dll_persistence_susp_location.yml', 'win_security_service_install_remote_access_software.yml', 'registry_set_persistence_shim_database_uncommon_location.yml', 'azure_identity_protection_leaked_credentials.yml', 'proc_creation_win_fsutil_symlinkevaluation.yml', 'win_security_smb_file_creation_admin_shares.yml', 'proc_creation_win_powershell_add_windows_capability.yml', 'proc_creation_win_mshta_http.yml', 'pipe_created_hktl_cobaltstrike_re.yml', 'azure_pim_role_frequent_activation.yml', 'proc_creation_win_powershell_active_directory_module_dll_import.yml', 'posh_ps_invoke_obfuscation_stdin.yml', 'proc_creation_win_powershell_hidden_b64_cmd.yml', 'proc_creation_macos_screencapture.yml', 'gcp_bucket_modified_or_deleted.yml', 'azure_kubernetes_cluster_created_or_deleted.yml', 'net_connection_win_susp_external_ip_lookup.yml', 'proc_creation_win_lolbin_syncappvpublishingserver_execute_psh.yml', 'proc_creation_win_auditpol_susp_execution.yml', 'registry_set_enable_anonymous_connection.yml', 'azure_network_security_modified_or_deleted.yml', 'win_application_msmpeng_crash_error.yml', 'net_connection_lnx_back_connect_shell_dev.yml', 'file_event_macos_startup_items.yml', 'image_load_side_load_third_party.yml', 'proc_creation_win_ruby_inline_command_execution.yml', 'azure_suppression_rule_created.yml', 'file_event_win_powershell_startup_shortcuts.yml', 'posh_ps_susp_follina_execution.yml', 'pipe_created_adfs_namedpipe_connection_uncommon_tool.yml', 'posh_pm_invoke_obfuscation_via_compress.yml', 'lnx_susp_dev_tcp.yml', 'proc_creation_macos_system_shutdown_reboot.yml', 'win_security_susp_add_domain_trust.yml', 'aws_securityhub_finding_evasion.yml', 'proc_creation_win_scrcons_susp_child_process.yml', 'azure_kubernetes_events_deleted.yml', 'proc_creation_win_netsh_fw_delete_rule.yml', 'proc_creation_win_sdbinst_susp_extension.yml', 'proc_creation_win_susp_elavated_msi_spawned_shell.yml', 'proc_creation_win_powershell_invoke_webrequest_direct_ip.yml', 'lnx_clamav_relevant_message.yml', 'azure_priviledged_role_assignment_bulk_change.yml', 'proc_creation_win_powershell_xor_commandline.yml', 'zeek_dce_rpc_printnightmare_print_driver_install.yml', 'win_security_user_creation.yml', 'proc_creation_win_wmiprvse_spawns_powershell.yml', 'file_event_win_iso_file_recent.yml', 'registry_set_vbs_payload_stored.yml', 'proc_creation_win_netsh_fw_rules_discovery.yml', 'proc_creation_win_net_susp_execution.yml', 'win_security_invoke_obfuscation_via_compress_services_security.yml', 'pipe_created_hktl_generic_cred_dump_tools_pipes.yml', 'registry_set_persistence_app_paths.yml', 'lnx_shell_susp_commands.yml', 'posh_ps_keylogging.yml', 'file_event_win_exchange_webshell_drop_suspicious.yml', 'posh_ps_copy_item_system_directory.yml', 'file_event_win_cred_dump_tools_dropped_files.yml', 'create_stream_hash_file_sharing_domains_download_unusual_extension.yml', 'file_event_win_powershell_module_creation.yml', 'proc_creation_win_lolbin_pester.yml', 'proc_creation_win_powershell_base64_invoke.yml', 'win_mssql_xp_cmdshell_audit_log.yml', 'win_security_invoke_obfuscation_via_rundll_services_security.yml', 'registry_set_powershell_as_service.yml', 'proc_creation_win_powershell_set_policies_to_unsecure_level.yml', 'aws_efs_fileshare_mount_modified_or_deleted.yml', 'proc_creation_win_powershell_susp_ps_downloadfile.yml', 'microsoft365_susp_inbox_forwarding.yml', 'pipe_created_powershell_execution_pipe.yml', 'proc_creation_lnx_omigod_scx_runasprovider_executescript.yml', 'proc_creation_win_susp_system_user_anomaly.yml', 'posh_ps_get_process_security_software_discovery.yml', 'posh_ps_store_file_in_alternate_data_stream.yml', 'proc_creation_win_netsh_fw_enable_group_rule.yml', 'proc_creation_win_powershell_audio_capture.yml', 'azure_vpn_connection_modified_or_deleted.yml', 'proc_creation_win_susp_non_priv_reg_or_ps.yml', 'posh_ps_susp_clear_eventlog.yml', 'proc_creation_win_net_use_mount_internet_share.yml', 'posh_ps_etw_trace_evasion.yml', 'proc_creation_win_sndvol_susp_child_processes.yml', 'proc_creation_win_wsl_lolbin_execution.yml', 'proc_creation_win_wmiprvse_susp_child_processes.yml', 'proc_creation_win_powershell_set_service_disabled.yml', 'proc_access_win_susp_shellcode_injection.yml', 'proc_creation_win_remote_access_tools_netsupport.yml', 'aws_efs_fileshare_modified_or_deleted.yml', 'azure_network_p2s_vpn_modified_or_deleted.yml', 'proc_creation_win_susp_eventlog_clear.yml', 'posh_pc_susp_zip_compress.yml', 'win_shell_core_susp_packages_installed.yml', 'pipe_created_pua_remcom_default_pipe.yml', 'proc_creation_win_office_outlook_susp_child_processes_remote.yml', 'proc_creation_win_powershell_download_patterns.yml', 'azure_network_virtual_device_modified_or_deleted.yml', 'proc_creation_win_renamed_sysinternals_procdump.yml', 'proc_creation_win_remote_access_software_ultraviewer.yml', 'file_event_lnx_susp_shell_script_under_profile_directory.yml', 'posh_pm_invoke_obfuscation_via_use_mhsta.yml', 'pipe_created_hktl_diagtrack_eop.yml', 'proc_creation_win_susp_automated_collection.yml', 'proc_creation_win_powershell_script_engine_parent.yml', 'create_stream_hash_hktl_generic_download.yml', 'posh_pm_susp_ad_group_reco.yml', 'registry_set_ime_non_default_extension.yml', 'win_system_lpe_indicators_tabtip.yml', 'av_webshell.yml', 'proc_creation_win_dfsvc_suspicious_child_processes.yml', 'proc_creation_win_findstr_download.yml', 'registry_set_disable_administrative_share.yml', 'registry_set_crashdump_disabled.yml', 'azure_guest_invite_failure.yml', 'dns_query_win_mega_nz.yml', 'registry_set_scr_file_executed_by_rundll32.yml', 'registry_set_powershell_in_run_keys.yml', 'azure_federation_modified.yml', 'proc_creation_win_regsvr32_remote_share.yml', 'pipe_created_pua_csexec_default_pipe.yml', 'registry_set_terminal_server_tampering.yml', 'proc_creation_win_mshta_lethalhta_technique.yml', 'win_security_aadhealth_mon_agent_regkey_access.yml', 'win_defender_real_time_protection_disabled.yml', 'posh_ps_cor_profiler.yml', 'proc_creation_win_cmd_sticky_keys_replace.yml', 'proc_creation_win_rundll32_js_runhtmlapplication.yml', 'proc_creation_win_netsh_fw_set_rule.yml', 'create_stream_hash_regedit_export_to_ads.yml', 'proc_creation_win_susp_ntfs_short_name_use_cli.yml', 'pipe_created_hktl_efspotato.yml', 'aws_eks_cluster_created_or_deleted.yml', 'aws_elasticache_security_group_modified_or_deleted.yml', 'proc_creation_win_susp_copy_system_dir_lolbin.yml', 'file_delete_win_zone_identifier_ads_uncommon.yml', 'proc_creation_win_powershell_service_dacl_modification_set_service.yml', 'proc_creation_win_hktl_rubeus.yml', 'win_system_invoke_obfuscation_via_rundll_services.yml', 'proc_creation_win_netsh_port_forwarding.yml', 'proc_creation_lnx_mkfifo_named_pipe_creation_susp_location.yml', 'proc_creation_win_mofcomp_execution.yml', 'posh_pm_invoke_obfuscation_via_use_rundll32.yml', 'net_connection_win_binary_susp_com.yml', 'proc_creation_win_msxsl_execution.yml', 'posh_pm_invoke_obfuscation_via_var.yml', 'proc_creation_win_wget_download_susp_file_sharing_domains.yml', 'proc_creation_win_webshell_chopper.yml', 'azure_conditional_access_failure.yml', 'lnx_auditd_user_discovery.yml', 'posh_ps_invoke_dnsexfiltration.yml', 'proc_creation_win_driverquery_usage.yml', 'net_dns_external_service_interaction_domains.yml', 'lnx_shell_susp_rev_shells.yml', 'net_connection_win_vscode_tunnel_connection.yml', 'posh_ps_get_childitem_bookmarks.yml', 'proc_creation_win_hktl_invoke_obfuscation_stdin.yml', 'win_security_pass_the_hash_2.yml', 'posh_ps_susp_wallpaper.yml', 'proc_creation_win_python_inline_command_execution.yml', 'posh_ps_susp_windowstyle.yml', 'azure_app_credential_modification.yml', 'file_access_win_susp_gpo_access_file.yml', 'proxy_raw_paste_service_access.yml', 'proc_creation_win_rundll32_spawn_explorer.yml', 'proc_creation_win_provlaunch_susp_child_process.yml', 'proc_creation_win_hktl_cobaltstrike_bloopers_modules.yml', 'image_load_thor_unsigned_execution.yml', 'file_event_win_sysinternals_livekd_default_dump_name.yml', 'proc_creation_lnx_susp_pipe_shell.yml', 'proc_creation_win_schtasks_one_time_only_midnight_task.yml', 'registry_set_winget_admin_settings_tampering.yml', 'proxy_exchange_owassrf_poc_exploitation.yml', 'proc_creation_win_susp_ntds.yml', 'dns_query_win_devtunnels_communication.yml', 'win_security_hidden_user_creation.yml', 'proc_creation_lnx_gtfobin_vim.yml', 'proc_creation_win_hktl_wmiexec_default_powershell.yml', 'win_taskscheduler_lolbin_execution_via_task_scheduler.yml', 'image_load_side_load_from_non_system_location.yml', 'win_msi_install_from_susp_locations.yml', 'file_event_lnx_wget_download_file_in_tmp_dir.yml', 'proc_creation_win_webshell_susp_process_spawned_from_webserver.yml', 'azure_group_user_addition_ca_modification.yml', 'proc_creation_win_sysinternals_adexplorer_execution.yml', 'proc_creation_win_wmic_squiblytwo_bypass.yml', 'proc_access_win_hktl_generic_access.yml', 'proc_creation_win_reg_open_command.yml', 'proc_creation_win_iis_appcmd_service_account_password_dumped.yml', 'proc_creation_lnx_perl_reverse_shell.yml', 'image_load_side_load_antivirus.yml', 'proc_creation_win_netsh_helper_dll_persistence.yml', 'proc_creation_lnx_netcat_reverse_shell.yml', 'posh_ps_ntfs_ads_access.yml', 'proc_creation_win_remote_access_tools_screenconnect_access.yml', 'proc_creation_win_reg_query_registry.yml', 'registry_set_bypass_uac_using_eventviewer.yml', 'proc_creation_win_susp_script_exec_from_temp.yml', 'proc_creation_win_agentexecutor_susp_usage.yml', 'proxy_susp_flash_download_loc.yml', 'proc_creation_win_netsh_fw_disable.yml', 'proc_creation_win_bitsadmin_potential_persistence.yml', 'win_sshd_openssh_server_listening_on_socket.yml', 'win_security_susp_raccess_sensitive_fext.yml', 'image_load_wsman_provider_image_load.yml', 'proxy_java_class_download.yml', 'proc_creation_lnx_xterm_reverse_shell.yml', 'gcp_vpn_tunnel_modified_or_deleted.yml', 'azure_ad_account_created_deleted.yml', 'proc_creation_win_susp_execution_from_public_folder_as_parent.yml', 'proc_creation_win_schtasks_powershell_persistence.yml', 'proc_creation_win_susp_ntfs_short_name_path_use_image.yml', 'proc_creation_win_renamed_binary.yml', 'create_stream_hash_susp_ip_domains.yml', 'proc_creation_win_susp_service_creation.yml', 'proc_creation_win_hktl_certipy.yml', 'proc_creation_win_lolbin_runscripthelper.yml', 'proc_creation_win_susp_recon.yml', 'proc_creation_win_java_keytool_susp_child_process.yml', 'win_applocker_file_was_not_allowed_to_run.yml', 'net_connection_win_excel_outbound_network_connection.yml', 'file_event_win_ripzip_attack.yml', 'java_local_file_read.yml', 'zeek_dce_rpc_mitre_bzar_persistence.yml', 'posh_ps_memorydump_getstoragediagnosticinfo.yml', 'proc_creation_win_susp_appx_execution.yml', 'posh_ps_invoke_obfuscation_obfuscated_iex.yml', 'lnx_auditd_susp_c2_commands.yml', 'proc_creation_win_net_share_and_sessions_enum.yml', 'file_event_win_exchange_webshell_drop.yml', 'proc_creation_win_wmic_xsl_script_processing.yml', 'proc_creation_lnx_susp_execution_tmp_folder.yml', 'registry_set_asep_reg_keys_modification_currentversion.yml', 'proc_creation_win_hktl_hashcat.yml', 'proc_creation_win_pua_adfind_enumeration.yml', 'proc_creation_win_susp_service_tamper.yml', 'proc_creation_win_renamed_sysinternals_sdelete.yml', 'lnx_auditd_web_rce.yml', 'proc_creation_lnx_base64_execution.yml', 'registry_set_persistence_shim_database_susp_application.yml', 'posh_ps_invoke_obfuscation_via_use_rundll32.yml', 'web_win_webshells_in_access_logs.yml', 'azure_app_ropc_authentication.yml', 'posh_ps_nishang_malicious_commandlets.yml', 'file_event_win_powershell_module_uncommon_creation.yml', 'azure_network_firewall_policy_modified_or_deleted.yml', 'web_nginx_core_dump.yml', 'proc_creation_win_pdqdeploy_runner_susp_children.yml', 'driver_load_win_pua_process_hacker.yml', 'proc_creation_win_certutil_certificate_installation.yml', 'pipe_created_pua_paexec_default_pipe.yml', 'win_security_invoke_obfuscation_via_use_clip_services_security.yml', 'proc_creation_win_pua_pingcastle.yml', 'proc_creation_win_sqlcmd_veeam_db_recon.yml', 'proc_creation_win_bitsadmin_download_susp_extensions.yml', 'lnx_auditd_screencapture_import.yml', 'proc_creation_win_hktl_impersonate.yml', 'aws_ecs_task_definition_cred_endpoint_query.yml', 'win_security_susp_scheduled_task_creation.yml', 'proc_creation_win_powershell_cmdline_reversed_strings.yml', 'file_event_win_ps_script_policy_test_creation_by_uncommon_process.yml', 'proc_creation_win_regsvr32_susp_parent.yml', 'proxy_download_susp_dyndns.yml', 'image_load_dll_azure_microsoft_account_token_provider_dll_load.yml', 'proc_creation_win_reg_nolmhash.yml', 'proc_creation_win_rundll32_script_run.yml', 'posh_ps_susp_execute_batch_script.yml', 'aws_passed_role_to_glue_development_endpoint.yml', 'proc_creation_lnx_susp_shell_script_exec_from_susp_location.yml', 'registry_set_disable_winevt_logging.yml', 'cisco_cli_net_sniff.yml', 'file_event_win_creation_scr_binary_file.yml', 'proc_creation_win_susp_private_keys_recon.yml', 'proc_creation_win_lolbin_printbrm.yml', 'registry_set_terminal_server_suspicious.yml', 'okta_fastpass_phishing_detection.yml', 'win_dns_client_mega_nz.yml', 'proc_creation_win_hktl_cobaltstrike_bloopers_cmd.yml', 'azure_kubernetes_service_account_modified_or_deleted.yml', 'file_event_lnx_triple_cross_rootkit_lock_file.yml', 'create_remote_thread_win_hktl_cactustorch.yml', 'proc_creation_win_iis_appcmd_susp_rewrite_rule.yml', 'proc_creation_win_powershell_cmdline_special_characters.yml', 'proxy_ua_hacktool.yml', 'registry_event_persistence_recycle_bin.yml', 'proc_creation_win_powershell_reverse_shell_connection.yml', 'proc_creation_win_mshta_susp_pattern.yml', 'azure_subscription_permissions_elevation_via_activitylogs.yml', 'win_system_invoke_obfuscation_via_use_rundll32_services.yml', 'posh_pm_syncappvpublishingserver_exe.yml', 'proc_creation_win_powershell_computer_discovery_get_adcomputer.yml', 'azure_network_firewall_rule_modified_or_deleted.yml', 'create_stream_hash_zip_tld_download.yml', 'win_codeintegrity_attempted_dll_load.yml', 'file_event_win_office_susp_file_extension.yml', 'proc_creation_win_webshell_recon_commands_and_processes.yml', 'proc_creation_win_sysinternals_psexec_paexec_escalate_system.yml', 'proc_creation_win_susp_network_command.yml', 'proc_creation_win_ssh_port_forward.yml', 'proc_creation_win_lolbin_susp_atbroker.yml', 'proc_creation_win_browsers_chromium_susp_load_extension.yml', 'proc_creation_win_pua_ditsnap.yml', 'win_system_susp_service_installation_script.yml', 'file_event_win_adsi_cache_creation_by_uncommon_tool.yml', 'lnx_auditd_susp_histfile_operations.yml', 'proc_creation_lnx_base64_shebang_cli.yml', 'win_security_admin_share_access.yml', 'posh_ps_invoke_obfuscation_via_use_clip.yml', 'proc_creation_lnx_susp_shell_child_process_from_parent_tmp_folder.yml', 'posh_ps_create_volume_shadow_copy.yml', 'file_event_win_ntds_dit_uncommon_process.yml', 'registry_set_aedebug_persistence.yml', 'registry_event_esentutl_volume_shadow_copy_service_keys.yml', 'win_system_susp_system_update_error.yml', 'web_jndi_exploit.yml', 'win_system_invoke_obfuscation_stdin_services.yml', 'gcp_kubernetes_rolebinding.yml', 'proc_creation_win_powershell_encoded_cmd_patterns.yml', 'proc_creation_win_powershell_susp_child_processes.yml', 'proc_creation_win_sdbinst_shim_persistence.yml', 'proc_creation_win_whoami_priv_discovery.yml', 'proc_creation_win_netsh_packet_capture.yml', 'posh_ps_susp_gettypefromclsid.yml', 'proc_creation_win_netsh_fw_allow_program_in_susp_location.yml', 'zeek_dns_susp_zbit_flag.yml', 'proc_creation_win_nslookup_poweshell_download.yml', 'driver_load_win_vuln_drivers.yml', 'proc_creation_macos_susp_execution_macos_script_editor.yml', 'proc_creation_win_susp_homoglyph_cyrillic_lookalikes.yml', 'proc_creation_win_susp_ntfs_short_name_use_image.yml', 'registry_set_persistence_shim_database.yml', 'gcp_kubernetes_secrets_modified_or_deleted.yml', 'proc_creation_win_cmd_copy_dmp_from_share.yml', 'azure_kubernetes_role_access.yml', 'registry_set_disk_cleanup_handler_autorun_persistence.yml', 'proc_creation_win_renamed_pingcastle.yml', 'registry_set_dbgmanageddebugger_persistence.yml', 'proc_creation_win_hktl_crackmapexec_execution_patterns.yml', 'posh_pm_invoke_obfuscation_stdin.yml', 'proc_creation_lnx_install_suspicioua_packages.yml', 'proc_creation_win_bitsadmin_download_file_sharing_domains.yml', 'proc_creation_lnx_susp_git_clone.yml', 'zeek_dns_torproxy.yml', 'azure_identity_protection_malware_linked_ip.yml', 'azure_keyvault_modified_or_deleted.yml', 'azure_identity_protection_inbox_forwarding_rule.yml', 'posh_pm_invoke_obfuscation_via_stdin.yml', 'proc_creation_win_netsh_wifi_credential_harvesting.yml', 'proc_creation_win_pua_netcat.yml', 'proc_creation_win_iis_susp_module_registration.yml', 'azure_device_or_configuration_modified_or_deleted.yml', 'win_system_service_install_uncommon.yml', 'proc_creation_win_pua_pingcastle_script_parent.yml', 'proc_creation_win_remote_access_tools_gotoopener.yml', 'azure_pim_too_many_global_admins.yml', 'win_security_transf_files_with_cred_data_via_network_shares.yml', 'proc_creation_win_powershell_downgrade_attack.yml', 'proc_creation_macos_jamf_susp_child.yml', 'proc_creation_win_susp_system_exe_anomaly.yml', 'file_event_win_taskmgr_lsass_dump.yml', 'proc_creation_win_diskshadow_script_mode_susp_location.yml', 'proc_creation_win_susp_remote_desktop_tunneling.yml', 'av_relevant_files.yml', 'proc_creation_win_spoolsv_susp_child_processes.yml', 'image_load_dll_rstrtmgr_uncommon_load.yml', 'posh_ps_hktl_rubeus.yml', 'win_security_cobaltstrike_service_installs.yml', 'file_event_win_susp_windows_terminal_profile.yml', 'pipe_created_hktl_cobaltstrike.yml', 'proc_creation_win_hktl_mimikatz_command_line.yml', 'proc_creation_win_hktl_invoke_obfuscation_via_use_mhsta.yml', 'registry_delete_removal_com_hijacking_registry_key.yml', 'registry_set_netsh_helper_dll_potential_persistence.yml', 'proc_creation_win_7zip_exfil_dmp_files.yml', 'proc_creation_win_hktl_crackmapexec_powershell_obfuscation.yml', 'proc_creation_lnx_process_discovery.yml', 'win_security_susp_logon_explicit_credentials.yml', 'proc_creation_win_susp_copy_system_dir.yml', 'win_security_invoke_obfuscation_via_use_mshta_services_security.yml', 'proc_creation_win_pua_process_hacker.yml', 'web_webshell_regeorg.yml', 'proc_creation_win_mshta_susp_execution.yml', 'win_security_scm_database_privileged_operation.yml', 'proc_creation_win_diskshadow_script_mode_susp_ext.yml', 'azure_subscription_permissions_elevation_via_auditlogs.yml', 'proc_creation_win_net_use_mount_share.yml', 'file_event_win_powershell_exploit_scripts.yml', 'gcp_bucket_enumeration.yml', 'proc_creation_win_msiexec_embedding.yml', 'posh_ps_get_adreplaccount.yml', 'posh_pm_bad_opsec_artifacts.yml', 'proc_creation_win_sysinternals_procdump_lsass.yml', 'proc_creation_macos_office_susp_child_processes.yml', 'proc_creation_macos_network_sniffing.yml', 'lnx_buffer_overflows.yml', 'proc_creation_lnx_susp_history_delete.yml', 'posh_pm_malicious_commandlets.yml', 'lnx_auditd_unix_shell_configuration_modification.yml', 'proc_creation_win_susp_priv_escalation_via_named_pipe.yml', 'proc_creation_win_susp_parents.yml', 'azure_container_registry_created_or_deleted.yml', 'proc_creation_win_lolbin_data_exfiltration_by_using_datasvcutil.yml', 'create_stream_hash_file_sharing_domains_download_susp_extension.yml', 'file_event_win_susp_vscode_powershell_profile.yml', 'posh_ps_invoke_obfuscation_via_use_mhsta.yml', 'proc_creation_win_bginfo_suspicious_child_process.yml', 'proc_creation_win_reg_modify_group_policy_settings.yml', 'proc_creation_macos_schedule_task_job_cron.yml', 'proc_creation_win_auditpol_nt_resource_kit_usage.yml', 'proc_creation_win_ssh_rdp_tunneling.yml', 'posh_ps_invoke_obfuscation_via_stdin.yml', 'win_alert_mimikatz_keywords.yml', 'pipe_created_hktl_koh_default_pipe.yml', 'proc_creation_macos_suspicious_applet_behaviour.yml', 'proc_creation_win_powershell_create_service.yml', 'posh_pc_xor_commandline.yml', 'proc_creation_win_wmic_susp_process_creation.yml', 'proc_creation_win_whoami_parent_anomaly.yml', 'proc_creation_win_hktl_invoke_obfuscation_via_var.yml', 'net_connection_win_google_api_non_browser_access.yml', 'cisco_cli_discovery.yml', 'lnx_auditd_susp_exe_folders.yml', 'proc_creation_win_lolbin_pester_1.yml', 'win_system_invoke_obfuscation_via_use_mshta_services.yml', 'proc_creation_win_powershell_mailboxexport_share.yml', 'proc_creation_win_webdav_lnk_execution.yml', 'file_delete_win_sysinternals_sdelete_file_deletion.yml', 'azure_ad_guest_users_invited_to_tenant_by_non_approved_inviters.yml', 'win_security_invoke_obfuscation_stdin_services_security.yml', 'pipe_created_scrcons_wmi_consumer_namedpipe.yml', 'proc_creation_win_php_inline_command_execution.yml', 'proc_creation_win_powershell_invocation_specific.yml', 'lnx_auditd_data_exfil_wget.yml', 'proc_creation_win_powershell_webclient_casing.yml', 'proc_creation_win_powershell_disable_firewall.yml', 'image_load_susp_script_dotnet_clr_dll_load.yml', 'proc_creation_win_mssql_susp_child_process.yml', 'proc_access_win_lsass_werfault.yml', 'proc_creation_win_schtasks_change.yml', 'create_stream_hash_ads_executable.yml', 'aws_route_53_domain_transferred_to_another_account.yml', 'win_security_vssaudit_secevent_source_registration.yml', 'file_event_win_office_onenote_susp_dropped_files.yml', 'file_event_win_startup_folder_file_write.yml', 'proc_creation_win_hktl_gmer.yml', 'create_remote_thread_win_susp_relevant_source_image.yml', 'proc_creation_win_susp_progname.yml', 'proc_creation_win_hktl_powersploit_empire_default_schtasks.yml', 'proc_creation_lnx_cve_2022_26134_atlassian_confluence.yml', 'proc_creation_win_lolbin_syncappvpublishingserver_vbs_execute_psh.yml', 'proc_creation_win_lolbin_cdb.yml', 'proc_creation_win_susp_weak_or_abused_passwords.yml', 'proc_creation_win_where_browser_data_recon.yml', 'file_event_win_net_cli_artefact.yml', 'proc_creation_win_reg_windows_defender_tamper.yml', 'proc_creation_macos_ioreg_discovery.yml', 'aws_sts_getsessiontoken_misuse.yml', 'proc_creation_win_python_pty_spawn.yml', 'lnx_auditd_masquerading_crond.yml', 'dns_query_win_vscode_tunnel_communication.yml', 'posh_ps_susp_new_psdrive.yml', 'proc_creation_lnx_webshell_detection.yml', 'proc_creation_win_susp_shadow_copies_deletion.yml', 'proc_creation_win_sysinternals_tools_masquerading.yml', 'azure_rare_operations.yml', 'proc_creation_win_powershell_disable_defender_av_security_monitoring.yml', 'proc_creation_win_powershell_run_script_from_ads.yml', 'driver_load_win_mal_drivers_names.yml', 'file_delete_win_delete_backup_file.yml', 'proc_creation_macos_tail_base64_decode_from_image.yml', 'pipe_created_hktl_cobaltstrike_susp_pipe_patterns.yml', 'posh_pm_alternate_powershell_hosts.yml', 'posh_ps_syncappvpublishingserver_exe.yml', 'registry_set_sophos_av_tamper.yml', 'image_load_dll_rstrtmgr_suspicious_load.yml', 'cisco_cli_input_capture.yml', 'gcp_service_account_disabled_or_deleted.yml', 'registry_set_uac_bypass_eventvwr.yml', 'azure_owner_removed_from_application_or_service_principal.yml', 'net_connection_win_mega_nz.yml', 'posh_ps_root_certificate_installed.yml', 'proc_creation_win_mssql_veaam_susp_child_processes.yml', 'posh_ps_susp_invocation_specific.yml', 'proc_creation_win_powershell_encoding_patterns.yml', 'proc_creation_win_powershell_iex_patterns.yml', 'posh_ps_invoke_obfuscation_via_rundll.yml', 'win_security_overpass_the_hash.yml', 'posh_ps_susp_smb_share_reco.yml', 'posh_ps_wmimplant.yml', 'proc_creation_win_susp_elevated_system_shell_uncommon_parent.yml', 'azure_kubernetes_secret_or_config_object_access.yml', 'proc_creation_win_netsh_port_forwarding_3389.yml', 'net_dns_pua_cryptocoin_mining_xmr.yml', 'proc_creation_win_susp_hidden_dir_index_allocation.yml', 'proc_creation_win_renamed_office_processes.yml', 'proc_creation_lnx_php_reverse_shell.yml', 'posh_ps_susp_mail_acces.yml', 'proc_creation_win_rundll32_susp_shimcache_flush.yml', 'proc_creation_win_powershell_defender_exclusion.yml', 'proc_creation_win_lolbin_susp_driver_installed_by_pnputil.yml', 'proc_creation_win_schtasks_susp_pattern.yml', 'posh_pm_exploit_scripts.yml', 'proc_creation_win_wermgr_susp_child_process.yml', 'proc_creation_win_office_spawn_exe_from_users_directory.yml', 'proc_creation_win_ultravnc.yml', 'posh_ps_sensitive_file_discovery.yml', 'proc_creation_win_cmd_no_space_execution.yml', 'proc_creation_win_hh_html_help_susp_child_process.yml', 'proc_creation_win_tasklist_basic_execution.yml', 'win_security_external_device.yml', 'proc_creation_macos_installer_susp_child_process.yml', 'proc_creation_lnx_schedule_task_job_cron.yml', 'proc_creation_lnx_omigod_scx_runasprovider_executeshellcommand.yml', 'win_security_aadhealth_svc_agent_regkey_access.yml', 'file_event_win_tsclient_filewrite_startup.yml', 'posh_ps_susp_download.yml', 'proc_creation_win_regsvr32_susp_child_process.yml', 'web_f5_tm_utility_bash_api_request.yml', 'proc_creation_win_vscode_tunnel_renamed_execution.yml', 'proc_creation_win_powershell_susp_parameter_variation.yml', 'registry_set_ime_suspicious_paths.yml', 'azure_application_deleted.yml', 'proc_creation_win_renamed_binary_highly_relevant.yml', 'proc_creation_win_appvlp_uncommon_child_process.yml', 'proc_creation_win_remote_access_tools_anydesk.yml', 'proc_creation_win_winrm_susp_child_process.yml', 'proc_creation_lnx_cp_passwd_or_shadow_tmp.yml', 'proc_creation_macos_susp_histfile_operations.yml', 'proc_creation_lnx_triple_cross_rootkit_install.yml', 'registry_delete_exploit_guard_protected_folders.yml', 'win_security_powershell_script_installed_as_service.yml', 'proc_creation_lnx_susp_hktl_execution.yml', 'azure_firewall_modified_or_deleted.yml', 'win_system_invoke_obfuscation_via_stdin_services.yml', 'win_mssql_failed_logon_from_external_network.yml', 'posh_ps_susp_extracting.yml', 'proc_creation_win_wscript_cscript_susp_child_processes.yml', 'lnx_auditd_system_shutdown_reboot.yml', 'proc_creation_win_sc_service_tamper_for_persistence.yml', 'lnx_shellshock.yml', 'net_connection_win_dead_drop_resolvers.yml', 'posh_ps_localuser.yml', 'win_security_net_share_obj_susp_desktop_ini.yml', 'proc_creation_win_bash_command_execution.yml', 'proc_creation_win_mmc_susp_child_process.yml', 'proc_creation_win_ntdsutil_susp_usage.yml', 'posh_ps_tamper_windows_defender_set_mp.yml', 'proc_creation_win_powershell_cl_mutexverifiers.yml', 'proc_creation_win_susp_copy_lateral_movement.yml', 'posh_pc_abuse_nslookup_with_dns_records.yml', 'proc_creation_win_office_onenote_susp_child_processes.yml', 'win_security_alert_enable_weak_encryption.yml', 'proc_creation_lnx_file_deletion.yml', 'proc_creation_win_powershell_stop_service.yml', 'proxy_exchange_owassrf_exploitation.yml', 'file_event_win_shell_write_susp_directory.yml', 'azure_pim_activation_approve_deny.yml', 'azure_aad_secops_ca_policy_updatedby_bad_actor.yml', 'lnx_auditd_network_sniffing.yml', 'file_event_win_susp_legitimate_app_dropping_exe.yml', 'proc_creation_win_vscode_tunnel_execution.yml', 'proc_creation_win_hktl_invoke_obfuscation_via_use_clip.yml', 'registry_set_hangs_debugger_persistence.yml', 'proc_creation_lnx_local_account.yml', 'proc_creation_win_mstsc_rdp_hijack_shadowing.yml', 'lnx_susp_jexboss.yml', 'sysmon_wmi_susp_scripting.yml', 'proc_creation_lnx_susp_chmod_directories.yml', 'registry_set_uac_bypass_sdclt.yml', 'posh_ps_susp_proxy_scripts.yml', 'posh_pm_invoke_obfuscation_via_use_clip.yml', 'posh_ps_automated_collection.yml', 'proc_creation_lnx_wget_download_suspicious_directory.yml', 'proc_creation_win_mshta_susp_child_processes.yml', 'file_event_win_creation_system_file.yml', 'win_security_invoke_obfuscation_via_use_rundll32_services_security.yml', 'win_system_service_install_remote_access_software.yml', 'cisco_cli_dos.yml', 'file_event_win_anydesk_artefact.yml', 'net_connection_win_crypto_mining_pools.yml', 'proc_creation_win_hktl_quarks_pwdump.yml', 'azure_firewall_rule_collection_modified_or_deleted.yml', 'proc_creation_win_wsl_windows_binaries_execution.yml', 'proc_creation_win_sysinternals_susp_psexec_paexec_flags.yml', 'win_system_cobaltstrike_service_installs.yml', 'registry_event_portproxy_registry_key.yml', 'registry_set_allow_rdp_remote_assistance_feature.yml', 'proc_creation_win_susp_electron_app_children.yml', 'file_event_win_dump_file_susp_creation.yml', 'cisco_cli_file_deletion.yml', 'win_application_msmpeng_crash_wer.yml', 'proc_creation_win_sc_service_path_modification.yml', 'proc_creation_win_node_abuse.yml', 'proc_creation_win_powershell_run_script_from_input_stream.yml', 'proc_creation_win_shutdown_execution.yml', 'proc_creation_win_susp_task_folder_evasion.yml', 'proc_creation_win_winrar_exfil_dmp_files.yml', 'proc_creation_win_hktl_sharp_impersonation.yml', 'proc_access_win_susp_invoke_patchingapi.yml', 'azure_dns_zone_modified_or_deleted.yml', 'azure_keyvault_secrets_modified_or_deleted.yml', 'proc_creation_win_curl_download_susp_file_sharing_domains.yml', 'posh_ps_malicious_commandlets.yml', 'proc_creation_lnx_cve_2022_33891_spark_shell_command_injection.yml', 'proc_creation_win_userinit_uncommon_child_processes.yml', 'azure_new_cloudshell_created.yml', 'proc_creation_win_powershell_susp_parent_process.yml', 'av_hacktool.yml', 'proc_creation_win_vscode_tunnel_remote_shell_.yml', 'image_load_scrcons_wmi_scripteventconsumer.yml', 'proc_creation_lnx_nohup_susp_execution.yml', 'registry_set_system_lsa_nolmhash.yml', 'driver_load_win_mal_drivers.yml', 'proc_creation_win_powershell_hide_services_via_set_service.yml', 'pipe_created_sysinternals_psexec_default_pipe_susp_location.yml', 'posh_pc_wsman_com_provider_no_powershell.yml', 'zeek_smb_converted_win_transferring_files_with_credential_data.yml', 'win_lsa_server_normal_user_admin.yml', 'proc_creation_win_iis_connection_strings_decryption.yml', 'proc_creation_win_netsh_fw_allow_rdp.yml', 'cisco_cli_local_accounts.yml', 'proc_creation_win_sysinternals_psexesvc_as_system.yml', 'proc_creation_win_cmd_http_appdata.yml', 'proc_creation_win_powershell_defender_disable_feature.yml', 'proc_creation_win_powershell_decrypt_pattern.yml', 'gcp_sql_database_modified_or_deleted.yml', 'posh_ps_add_dnsclient_rule.yml', 'aws_elasticache_security_group_created.yml', 'posh_pm_susp_invocation_specific.yml', 'proc_creation_win_susp_lolbin_exec_from_non_c_drive.yml', 'proc_creation_win_hktl_krbrelay.yml', 'lnx_apt_equationgroup_lnx.yml', 'lnx_auditd_susp_cmds.yml', 'driver_load_win_vuln_drivers_names.yml', 'rpc_firewall_sharphound_recon_sessions.yml', 'aws_ec2_startup_script_change.yml', 'azure_application_gateway_modified_or_deleted.yml', 'proxy_f5_tm_utility_bash_api_request.yml', 'win_system_invoke_obfuscation_via_compress_services.yml', 'win_security_sysmon_channel_reference_deletion.yml', 'proc_creation_win_susp_arbitrary_shell_execution_via_settingcontent.yml', 'proc_creation_win_powershell_invoke_webrequest_download.yml', 'posh_ps_susp_ad_group_reco.yml', 'proc_creation_win_susp_data_exfiltration_via_cli.yml', 'net_connection_lnx_crypto_mining_indicators.yml', 'proc_creation_win_msdt_susp_parent.yml', 'proc_creation_win_susp_double_extension.yml', 'posh_ps_msxml_com.yml', 'sysmon_file_block_shredding.yml', 'file_event_win_hktl_powerup_dllhijacking.yml', 'dns_query_win_remote_access_software_domains_non_browsers.yml', 'proc_creation_win_reg_volsnap_disable.yml', 'proc_creation_win_curl_susp_download.yml', 'registry_set_bginfo_custom_db.yml', 'file_event_win_powershell_drop_binary_or_script.yml', 'pipe_created_susp_malicious_namedpipes.yml', 'create_remote_thread_win_powershell_susp_targets.yml', 'file_event_win_office_publisher_files_in_susp_locations.yml', 'win_bits_client_new_transfer_via_file_sharing_domains.yml', 'file_event_win_webshell_creation_detect.yml', 'proc_creation_win_remote_access_tools_screenconnect.yml', 'registry_set_suspicious_env_variables.yml', 'proc_creation_win_agentexecutor_potential_abuse.yml', 'azure_kubernetes_network_policy_change.yml', 'proc_creation_win_certutil_download_file_sharing_domains.yml', 'proc_creation_win_powershell_email_exfil.yml', 'create_remote_thread_win_susp_uncommon_source_image.yml', 'azure_identity_protection_impossible_travel.yml', 'zeek_dns_mining_pools.yml', 'posh_ps_wmi_persistence.yml', 'proc_creation_win_powershell_cmdline_convertto_securestring.yml', 'web_apache_threading_error.yml', 'proc_creation_win_bginfo_uncommon_child_process.yml', 'registry_set_comhijack_sdclt.yml', 'aws_rds_public_db_restore.yml', 'win_system_volume_shadow_copy_mount.yml', 'proc_creation_win_cmd_redirection_susp_folder.yml', 'win_system_service_install_mesh_agent.yml', 'registry_set_taskcache_entry.yml', 'posh_ps_token_obfuscation.yml', 'proc_creation_win_rundll32_susp_activity.yml', 'proc_creation_win_perl_inline_command_execution.yml']"
